dataset,source,local_path,download_date,capture_date,licence,horizontal_crs,vertical_datum,resolution,stated_accuracy,processing_status,sha256,notes
ELVIS order archive: 1_Second_DEM_2380920.zip,ELVIS / Geoscience Australia elevation data portal,data/raw/elvis/incoming/1_Second_DEM_2380920.zip,2026-09-10,various; see supplied metadata,See licence/metadata supplied in archive,various; inspect the CRS stored in each product,various; see supplied metadata,various,see supplied metadata,immutable original; inventoried,796b83a3e50ba00ede920f4444596e70dfa2d97715bcbee6f5c6331b6adc9884,Original ELVIS delivery retained unchanged.
ELVIS order archive: 1_Second_DEM_Smoothed_2380923.zip,ELVIS / Geoscience Australia elevation data portal,data/raw/elvis/incoming/1_Second_DEM_Smoothed_2380923.zip,2026-09-10,various; see supplied metadata,See licence/metadata supplied in archive,various; inspect the CRS stored in each product,various; see supplied metadata,various,see supplied metadata,immutable original; inventoried,193b59295f7fd8df7690a58e4fda97c07c8bdea56215dab855be89a2702afce7,Original ELVIS delivery retained unchanged.
ELVIS order archive: 1_Second_DSM_2380921.zip,ELVIS / Geoscience Australia elevation data portal,data/raw/elvis/incoming/1_Second_DSM_2380921.zip,2026-09-10,various; see supplied metadata,See licence/metadata supplied in archive,various; inspect the CRS stored in each product,various; see supplied metadata,various,see supplied metadata,immutable original; inventoried,d03d3f27472833545ae7094d5b797612033eaa2e7448fe2619a90a0ae95a9f32,Original ELVIS delivery retained unchanged.
ELVIS order archive: 5m_DEM_2380924.zip,ELVIS / Geoscience Australia elevation data portal,data/raw/elvis/incoming/5m_DEM_2380924.zip,2026-09-10,various; see supplied metadata,See licence/metadata supplied in archive,various; inspect the CRS stored in each product,various; see supplied metadata,various,see supplied metadata,immutable original; inventoried,ac573c6e4b8cc11ee88b3ea056b040bd71bada6c358823d2ea466a62f811a1d4,Original ELVIS delivery retained unchanged.
ELVIS order archive: DATA_2380922.zip,ELVIS / Geoscience Australia elevation data portal,data/raw/elvis/incoming/DATA_2380922.zip,2026-09-10,various; see supplied metadata,See licence/metadata supplied in archive,various; inspect the CRS stored in each product,various; see supplied metadata,various,see supplied metadata,immutable original; inventoried,01fb825dc0e4b7dbfec5f086e16cab6d51bb5a9893998d2ff53d22e00151d786,Original ELVIS delivery retained unchanged.
ELVIS order archive: Hydro_Enforced_1_Second_DEM_2380925.zip,ELVIS / Geoscience Australia elevation data portal,data/raw/elvis/incoming/Hydro_Enforced_1_Second_DEM_2380925.zip,2026-09-10,various; see supplied metadata,See licence/metadata supplied in archive,various; inspect the CRS stored in each product,various; see supplied metadata,various,see supplied metadata,immutable original; inventoried,13193157921145ccae9c5572e735e34756442a4130ebba143128c9dfb83ea083,Original ELVIS delivery retained unchanged.
Brisbane 2019 classified LiDAR,"ELVIS: Brisbane 2019 Project, tile SW_501000_6958000",data/raw/elvis/selected/brisbane_2019/Brisbane_2019_Prj_SW_501000_6958000_1k_class_AHD.laz,2026-09-10,2019-06-11 to 2019-08-16,Limited Use Licence / State copyright in supplied LiDAR XML,"GDA94 / MGA zone 56 (EPSG:28356), as observed",AHD,point cloud; density to be assessed in Phase 5,horizontal 0.8 m and vertical 0.3 m at 95% (project index),selected and extracted without modification,75deed7c392095dbf2bde2d79bf945c997fab563e8378191f29d6402e9ddd90d,Primary source for roof analysis. Verify derivative/publication rights before sharing data or a public model.
Brisbane 2019 1 metre DEM,"ELVIS: Brisbane 2019 Project, tile SW_501000_6958000",data/raw/elvis/selected/brisbane_2019/Brisbane_2019_Prj_SW_501000_6958000_1k_DEM_1m.tif,2026-09-10,2019-06-11 to 2019-08-16,Creative Commons Attribution 4.0 in supplied DEM XML,"GDA94 / MGA zone 56 (EPSG:28356), as observed",AHD,1 metre,horizontal 0.8 m and vertical 0.3 m at 95% (project index),selected and extracted without modification,f537e06eaed3dfc06fb0833795054cc26f2c727b2b16e2b8d0580eaa12181451,Primary terrain input.
Queensland generated building outlines,https://spatial-gis.information.qld.gov.au/arcgis/rest/services/Structure/BuildingsAndSettlements/MapServer/11,data/raw/qld_buildings/building_outlines.geojson,2026-09-10,feature-specific source fields,Creative Commons Attribution 4.0,GDA2020 / MGA zone 56 (EPSG:7856),not applicable,vector polygons,feature-specific; not survey grade,raw AOI extract acquired,736b264ede9666921dc22ddcb7cbed1e1a66a2ebd9406f6164e5eaf6ae22ef3f,Primary public footprint candidate; compare against LiDAR and imagery.
Queensland topographic building areas,https://spatial-gis.information.qld.gov.au/arcgis/rest/services/Structure/BuildingsAndSettlements/MapServer/20,data/raw/qld_buildings/building_areas.geojson,2026-09-10,feature-specific source fields,Creative Commons Attribution 4.0,GDA2020 / MGA zone 56 (EPSG:7856),not applicable,vector polygons,feature-specific; not survey grade,raw AOI extract acquired,d85fda08dbd9fdd802b71e7f16ca1456053baf02b731a93b5d4cc617ced2c2a1,Secondary public footprint/name candidate.
OpenStreetMap pilot extract,https://api.openstreetmap.org/api/0.6/map,data/raw/openstreetmap/uq_pilot.osm,2026-09-10,continuously updated; element timestamps in extract,Open Data Commons Open Database License (ODbL) 1.0,WGS 84 (EPSG:4326),not applicable,vector features,community mapped; variable,raw AOI extract acquired,b15c83a539cd513c7794e05287327def437f9cda2a7d359ad6b33e4a2c2adb3b,Prototype footprint/name source; attribution required.
Queensland latest public orthophoto basemap extract,https://spatial-img.information.qld.gov.au/arcgis/rest/services/Basemaps/LatestStateProgram_AllUsers/ImageServer,data/raw/qld_imagery/latest_public_orthophoto.tif,2026-09-10,2022-07-24,Creative Commons Attribution 4.0,GDA2020 / MGA zone 56 (EPSG:7856) export,not applicable,0.25 metre export pixels; source resolution in catalogue,project-specific,raw service export acquired for visual QA,61a1ed3fea73dbe42d1bf3afeb51bbe619c17b9a75ceb602151839ef4a30ec38,Visual alignment reference only; not a substitute for survey control.
UQ St Lucia public campus map,https://about.uq.edu.au/sites/default/files/2026-07/St-Lucia-campus-map.pdf,data/raw/uq_public/St-Lucia-campus-map.pdf,2026-09-10,map current July 2025,UQ copyright; no open-data licence identified,not stated,not applicable,one-page PDF reference map,not stated,reference copy only; do not trace or redistribute derivatives,9e3c1b4b187411beeb3fba1f7851c42677230f22d86045ed88fcd94e38e52608,"Use to cross-check public building names/numbers, subject to UQ terms."
"UQ BIM, utilities and digital-twin data",UQ Digital Modelling Office / Properties and Facilities,,,unknown,permission and publication conditions required from UQ,request GDA2020 / MGA zone 56,request AHD,unknown,request source dates and accuracy classes,deferred by project owner until public LoD demonstration exists,,No authoritative utility geometry has been obtained or inferred.
