dataset,source_path,source_sha256,output_path,output_sha256,crs,vertical_datum,resolution_or_sampling,processing,feature_or_cell_count,validation_status,notes
Phase 5 cropped DTM,data/interim/normalised/elevation/brisbane_2019_dem_1m_epsg7856.tif,1bd5fe3cb8f489b04d024c0116503f898da83738dc27b3aaf2973813daf1789f,data/interim/phase5/elevation/dtm_1m.tif,65ac719bd7dfc2b48376bb11bcc3ecc47c40effcd090501df288436b5b251759,GDA2020 / MGA zone 56 (EPSG:7856),AHD,1 m grid; exact 500 m x 500 m pilot AOI,Bilinear resampling of Phase 4 DTM to exact pilot grid,250000,passed,Bare-earth terrain; authoritative coordinates retained.
Phase 5 DSM,data/interim/normalised/elevation/brisbane_2019_classified_ahd_epsg7856.laz,795efbe7b3c594e66a64a6708e03a7896f38ee3b2914d11ad6661c8f0ecb2090,data/interim/phase5/elevation/dsm_1m.tif,56bd98519a0ed689e9a07952b68cf483871133096c8abc7b5514ee21ddac56e4,GDA2020 / MGA zone 56 (EPSG:7856),AHD,1 m grid; exact 500 m x 500 m pilot AOI,Maximum retained LiDAR Z per cell; empty valid cells filled from DTM,250000,passed,Surface model derived after declared noise and height filtering.
Phase 5 raw surface minus DTM,data/interim/phase5/elevation/dsm_1m.tif + data/interim/phase5/elevation/dtm_1m.tif,56bd98519a0ed689e9a07952b68cf483871133096c8abc7b5514ee21ddac56e4 + 65ac719bd7dfc2b48376bb11bcc3ecc47c40effcd090501df288436b5b251759,data/interim/phase5/elevation/surface_minus_dtm_raw.tif,3bf0a1009ea5fae312d51864297f13a4ebfe94fe9085471f565cb559d8ed61db,GDA2020 / MGA zone 56 (EPSG:7856),AHD,1 m grid; exact 500 m x 500 m pilot AOI,DSM minus DTM; signed diagnostic retained,250000,passed,Negative residuals are retained for diagnosis.
Phase 5 height above ground,data/interim/phase5/elevation/surface_minus_dtm_raw.tif,3bf0a1009ea5fae312d51864297f13a4ebfe94fe9085471f565cb559d8ed61db,data/interim/phase5/elevation/height_above_ground.tif,4f119edf34c9067ff2cf8fc5cb95b4d4067a99f1955ae79ffd3301bfc251981c,GDA2020 / MGA zone 56 (EPSG:7856),AHD,1 m grid; exact 500 m x 500 m pilot AOI,Maximum of signed DSM-minus-DTM and zero,250000,passed,Modelling-ready normalised surface height; not yet a building LoD model.
Phase 5 filtered point density,data/interim/phase5/pointcloud/uq_pilot_analysis_filtered.laz,44d5a3e82433ece37092c5e210bdd2921e6f98a8e8b950327f28c0271cf1ee7d,data/interim/phase5/elevation/point_density_1m.tif,5cf8d1427081205b7a6d6a36ae7ef967f7c432bc2c2473a2b0cd35086068b9ef,GDA2020 / MGA zone 56 (EPSG:7856),AHD,1 m grid; exact 500 m x 500 m pilot AOI,Count of retained LiDAR points in each one-metre cell,250000,passed,Zero is a valid count.
Phase 5 ground point density,data/interim/phase5/pointcloud/uq_pilot_analysis_filtered.laz,44d5a3e82433ece37092c5e210bdd2921e6f98a8e8b950327f28c0271cf1ee7d,data/interim/phase5/elevation/ground_density_1m.tif,4db7ccf0fb4e3bdc157c8a49147e3bdbb89bab347230220d0c3077f07b46d11c,GDA2020 / MGA zone 56 (EPSG:7856),AHD,1 m grid; exact 500 m x 500 m pilot AOI,Count of retained ASPRS class-2 points in each one-metre cell,250000,passed,Supports ground-coverage review.
Phase 5 ground-to-DTM residual,data/interim/phase5/pointcloud/uq_pilot_analysis_filtered.laz,44d5a3e82433ece37092c5e210bdd2921e6f98a8e8b950327f28c0271cf1ee7d,data/interim/phase5/elevation/ground_residual_1m.tif,d1f0b510adf941732598c87e8b364ef496cf4118f989725ca21fd24347844297,GDA2020 / MGA zone 56 (EPSG:7856),AHD,1 m grid; exact 500 m x 500 m pilot AOI,Mean class-2 LiDAR Z per cell minus DTM,250000,passed,NoData where a cell has no class-2 point.
Phase 5 full-resolution audit crop,data/interim/normalised/elevation/brisbane_2019_classified_ahd_epsg7856.laz,795efbe7b3c594e66a64a6708e03a7896f38ee3b2914d11ad6661c8f0ecb2090,data/interim/phase5/pointcloud/uq_pilot_cropped_full.laz,a999cbc3230513523096334477ebfb71eb6675e04927ce4c97f261a592bd419a,GDA2020 / MGA zone 56 (EPSG:7856),AHD,full retained resolution,Exact spatial crop only; no points deliberately filtered,6490855,passed,All source attributes/classes retained within AOI.
Phase 5 modelling analysis crop,data/interim/phase5/pointcloud/uq_pilot_cropped_full.laz,a999cbc3230513523096334477ebfb71eb6675e04927ce4c97f261a592bd419a,data/interim/phase5/pointcloud/uq_pilot_analysis_filtered.laz,44d5a3e82433ece37092c5e210bdd2921e6f98a8e8b950327f28c0271cf1ee7d,GDA2020 / MGA zone 56 (EPSG:7856),AHD,full retained resolution,Remove ASPRS 7/18 and DTM-relative heights outside -2 to +80 m,6473167,passed,Filtering is reproducible; use the full crop to audit removed points.
Phase 5 deterministic display sample,data/interim/phase5/pointcloud/uq_pilot_analysis_filtered.laz,44d5a3e82433ece37092c5e210bdd2921e6f98a8e8b950327f28c0271cf1ee7d,data/interim/phase5/pointcloud/uq_pilot_display.laz,7684b0aec20d71339cb0ab7769a61243c1edb6fa13a5022fe62f1b0a2b1aae3a,GDA2020 / MGA zone 56 (EPSG:7856),AHD,deterministic stride,Global stride sample from filtered analysis crop,497936,passed,For responsive visualisation only; not for measurement or modelling.
